
INSERT INTO STUDENT (STUDENT_ID, NAME, AGE) VALUES ('5ca258d9-2e63-47c9-a6ae-0011e72b69df', 'Bob', 24);
INSERT INTO STUDENT (STUDENT_ID, NAME, AGE) VALUES ('cffe38ee-4aa2-4c37-b366-306527b30588', 'Sara', 25);
INSERT INTO STUDENT (STUDENT_ID, NAME, AGE) VALUES ('5edee891-acb6-49a1-b106-b8ce96aace2b', 'Ellie', 26);
INSERT INTO STUDENT (STUDENT_ID, NAME, AGE) VALUES ('4c0af014-5b15-44b0-82bc-8465d3408e89', 'Tommy', 23);


INSERT INTO COURSE (COURSE_ID, DESCRIPTION) VALUES ('452e527f-0921-4972-aa0f-7e1a7a25263c', 'English');
INSERT INTO COURSE (COURSE_ID, DESCRIPTION) VALUES ('8a2eb57a-35eb-42ff-8e04-8487e83c0aec', 'Maths');
INSERT INTO COURSE (COURSE_ID, DESCRIPTION) VALUES ('700f0591-7780-4f47-bc6a-274b82f62977', 'Science');


INSERT INTO STUDENT_COURSE (STUDENT_ID, COURSE_ID) VALUES ('5ca258d9-2e63-47c9-a6ae-0011e72b69df', '452e527f-0921-4972-aa0f-7e1a7a25263c');
INSERT INTO STUDENT_COURSE (STUDENT_ID, COURSE_ID) VALUES ('5ca258d9-2e63-47c9-a6ae-0011e72b69df', '8a2eb57a-35eb-42ff-8e04-8487e83c0aec');
INSERT INTO STUDENT_COURSE (STUDENT_ID, COURSE_ID) VALUES ('5ca258d9-2e63-47c9-a6ae-0011e72b69df', '700f0591-7780-4f47-bc6a-274b82f62977');

INSERT INTO STUDENT_COURSE (STUDENT_ID, COURSE_ID) VALUES ('cffe38ee-4aa2-4c37-b366-306527b30588', '452e527f-0921-4972-aa0f-7e1a7a25263c');
INSERT INTO STUDENT_COURSE (STUDENT_ID, COURSE_ID) VALUES ('cffe38ee-4aa2-4c37-b366-306527b30588', '8a2eb57a-35eb-42ff-8e04-8487e83c0aec');

INSERT INTO STUDENT_COURSE (STUDENT_ID, COURSE_ID) VALUES ('5edee891-acb6-49a1-b106-b8ce96aace2b', '700f0591-7780-4f47-bc6a-274b82f62977');

-- INSERT INTO STUDENT_COURSE (STUDENT_ID, COURSE_ID) VALUES ('4c0af014-5b15-44b0-82bc-8465d3408e89', '452e527f-0921-4972-aa0f-7e1a7a25263c');
-- INSERT INTO STUDENT_COURSE (STUDENT_ID, COURSE_ID) VALUES ('4c0af014-5b15-44b0-82bc-8465d3408e89', 2);